,redshift,Xe
0,10000.0,1.1590267713
1,9990.0,1.1590267713
2,9980.0,1.1590267713
3,9970.0,1.1590267713
4,9960.0,1.1590267713
5,9950.0,1.1590267713
6,9940.0,1.1590267713
7,9930.0,1.1590267713
8,9920.0,1.1590267713
9,9910.0,1.1590267713
10,9900.0,1.1590267713
11,9890.0,1.1590267713
12,9880.0,1.1590267713
13,9870.0,1.1590267713
14,9860.0,1.1590267713
15,9850.0,1.1590267713
16,9840.0,1.1590267713
17,9830.0,1.1590267713
18,9820.0,1.1590267713
19,9810.0,1.1590267713
20,9800.0,1.1590267713
21,9790.0,1.1590267713
22,9780.0,1.1590267713
23,9770.0,1.1590267713
24,9760.0,1.1590267713
25,9750.0,1.1590267713
26,9740.0,1.1590267713
27,9730.0,1.1590267713
28,9720.0,1.1590267713
29,9710.0,1.1590267713
30,9700.0,1.1590267713
31,9690.0,1.1590267713
32,9680.0,1.1590267713
33,9670.0,1.1590267713
34,9660.0,1.1590267713
35,9650.0,1.1590267713
36,9640.0,1.1590267713
37,9630.0,1.1590267713
38,9620.0,1.1590267713
39,9610.0,1.1590267713
40,9600.0,1.1590267713
41,9590.0,1.1590267713
42,9580.0,1.1590267713
43,9570.0,1.1590267713
44,9560.0,1.1590267713
45,9550.0,1.1590267713
46,9540.0,1.1590267713
47,9530.0,1.1590267713
48,9520.0,1.1590267713
49,9510.0,1.1590267713
50,9500.0,1.1590267713
51,9490.0,1.1590267713
52,9480.0,1.1590267713
53,9470.0,1.1590267713
54,9460.0,1.1590267713
55,9450.0,1.1590267713
56,9440.0,1.1590267713
57,9430.0,1.1590267713
58,9420.0,1.1590267713
59,9410.0,1.1590267713
60,9400.0,1.1590267713
61,9390.0,1.1590267713
62,9380.0,1.1590267713
63,9370.0,1.1590267713
64,9360.0,1.1590267713
65,9350.0,1.1590267713
66,9340.0,1.1590267713
67,9330.0,1.1590267713
68,9320.0,1.1590267713
69,9310.0,1.1590267713
70,9300.0,1.1590267713
71,9290.0,1.1590267713
72,9280.0,1.1590267713
73,9270.0,1.1590267713
74,9260.0,1.1590267713
75,9250.0,1.1590267713
76,9240.0,1.1590267713
77,9230.0,1.1590267713
78,9220.0,1.1590267713
79,9210.0,1.1590267713
80,9200.0,1.1590267713
81,9190.0,1.1590267713
82,9180.0,1.1590267713
83,9170.0,1.1590267713
84,9160.0,1.1590267713
85,9150.0,1.1590267713
86,9140.0,1.1590267713
87,9130.0,1.1590267713
88,9120.0,1.1590267713
89,9110.0,1.1590267713
90,9100.0,1.1590267713
91,9090.0,1.1590267713
92,9080.0,1.1590267713
93,9070.0,1.1590267713
94,9060.0,1.1590267713
95,9050.0,1.1590267713
96,9040.0,1.1590267713
97,9030.0,1.1590267713
98,9020.0,1.1590267713
99,9010.0,1.1590267713
100,9000.0,1.1590267713
101,8990.0,1.1590267713
102,8980.0,1.1590267713
103,8970.0,1.1590267713
104,8960.0,1.1590267713
105,8950.0,1.1590267713
106,8940.0,1.1590267713
107,8930.0,1.1590267713
108,8920.0,1.1590267713
109,8910.0,1.1590267713
110,8900.0,1.1590267713
111,8890.0,1.1590267713
112,8880.0,1.1590267713
113,8870.0,1.1590267713
114,8860.0,1.1590267713
115,8850.0,1.1590267713
116,8840.0,1.1590267713
117,8830.0,1.1590267713
118,8820.0,1.1590267713
119,8810.0,1.1590267713
120,8800.0,1.1590267713
121,8790.0,1.1590267713
122,8780.0,1.1590267713
123,8770.0,1.1590267713
124,8760.0,1.1590267713
125,8750.0,1.1590267713
126,8740.0,1.1590267713
127,8730.0,1.1590267713
128,8720.0,1.1590267713
129,8710.0,1.1590267713
130,8700.0,1.1590267713
131,8690.0,1.1590267713
132,8680.0,1.1590267713
133,8670.0,1.1590267713
134,8660.0,1.1590267713
135,8650.0,1.1590267713
136,8640.0,1.1590267713
137,8630.0,1.1590267713
138,8620.0,1.1590267713
139,8610.0,1.1590267713
140,8600.0,1.1590267713
141,8590.0,1.1590267713
142,8580.0,1.1590267713
143,8570.0,1.1590267713
144,8560.0,1.1590267713
145,8550.0,1.1590267713
146,8540.0,1.1590267713
147,8530.0,1.1590267713
148,8520.0,1.1590267713
149,8510.0,1.1590267713
150,8500.0,1.1590267713
151,8490.0,1.1590267713
152,8480.0,1.1590267713
153,8470.0,1.1590267713
154,8460.0,1.1590267713
155,8450.0,1.1590267713
156,8440.0,1.1590267713
157,8430.0,1.1590267713
158,8420.0,1.1590267713
159,8410.0,1.1590267713
160,8400.0,1.1590267713
161,8390.0,1.1590267713
162,8380.0,1.1590267713
163,8370.0,1.1590267713
164,8360.0,1.1590267713
165,8350.0,1.1590267713
166,8340.0,1.1590267713
167,8330.0,1.1590267713
168,8320.0,1.1590267713
169,8310.0,1.1590267713
170,8300.0,1.1590267713
171,8290.0,1.1590267713
172,8280.0,1.1590267713
173,8270.0,1.1590267713
174,8260.0,1.1590267713
175,8250.0,1.1590267713
176,8240.0,1.1590267713
177,8230.0,1.1590267713
178,8220.0,1.1590267713
179,8210.0,1.1590267713
180,8200.0,1.1590267713
181,8190.0,1.1590267713
182,8180.0,1.1590267713
183,8170.0,1.1590267713
184,8160.0,1.1590267713
185,8150.0,1.1590267713
186,8140.0,1.1590267713
187,8130.0,1.1590267713
188,8120.0,1.1590267713
189,8110.0,1.1590267713
190,8100.0,1.1590267713
191,8090.0,1.1590267713
192,8080.0,1.1590267713
193,8070.0,1.1590267713
194,8060.0,1.1590267713
195,8050.0,1.1590267713
196,8040.0,1.1590267713
197,8030.0,1.1590267713
198,8020.0,1.1590267713
199,8010.0,1.1590267713
200,8000.0,1.15902066279
201,7990.0,1.15902044921
202,7980.0,1.15902022759
203,7970.0,1.15901999759
204,7960.0,1.15901975889
205,7950.0,1.15901951113
206,7940.0,1.15901925393
207,7930.0,1.15901898693
208,7920.0,1.15901870971
209,7910.0,1.15901842187
210,7900.0,1.15901812296
211,7890.0,1.15901781253
212,7880.0,1.1590174901
213,7870.0,1.15901715519
214,7860.0,1.15901680726
215,7850.0,1.15901644579
216,7840.0,1.15901607022
217,7830.0,1.15901567994
218,7820.0,1.15901527435
219,7810.0,1.15901485281
220,7800.0,1.15901441464
221,7790.0,1.15901395914
222,7780.0,1.1590134856
223,7770.0,1.15901299322
224,7760.0,1.15901248123
225,7750.0,1.15901194879
226,7740.0,1.15901139502
227,7730.0,1.15901081901
228,7720.0,1.15901021981
229,7710.0,1.15900959643
230,7700.0,1.15900894781
231,7690.0,1.15900827287
232,7680.0,1.15900757048
233,7670.0,1.15900683943
234,7660.0,1.15900607849
235,7650.0,1.15900528635
236,7640.0,1.15900446164
237,7630.0,1.15900360294
238,7620.0,1.15900270875
239,7610.0,1.1590017775
240,7600.0,1.15900080757
241,7590.0,1.15899979724
242,7580.0,1.15899874471
243,7570.0,1.15899764811
244,7560.0,1.15899650547
245,7550.0,1.15899531472
246,7540.0,1.15899407372
247,7530.0,1.15899278019
248,7520.0,1.15899143178
249,7510.0,1.158990026
250,7500.0,1.15898856026
251,7490.0,1.15898703182
252,7480.0,1.15898543783
253,7470.0,1.15898377531
254,7460.0,1.1589820411
255,7450.0,1.15898023193
256,7440.0,1.15897834434
257,7430.0,1.15897637471
258,7420.0,1.15897431925
259,7410.0,1.15897217398
260,7400.0,1.15896993473
261,7390.0,1.15896759711
262,7380.0,1.15896515653
263,7370.0,1.15896260817
264,7360.0,1.15895994696
265,7350.0,1.15895716759
266,7340.0,1.15895426448
267,7330.0,1.15895123178
268,7320.0,1.15894806333
269,7310.0,1.15894475269
270,7300.0,1.15894129306
271,7290.0,1.15893767734
272,7280.0,1.15893389803
273,7270.0,1.15892994728
274,7260.0,1.15892581682
275,7250.0,1.15892149799
276,7240.0,1.15891698165
277,7230.0,1.15891225822
278,7220.0,1.15890731763
279,7210.0,1.15890214929
280,7200.0,1.15889674205
281,7190.0,1.1588910842
282,7180.0,1.15888516344
283,7170.0,1.15887896679
284,7160.0,1.15887248065
285,7150.0,1.15886569068
286,7140.0,1.1588585818
287,7130.0,1.15885113815
288,7120.0,1.15884334302
289,7110.0,1.15883517885
290,7100.0,1.15882662715
291,7090.0,1.15881766845
292,7080.0,1.15880828226
293,7070.0,1.15879844701
294,7060.0,1.15878813999
295,7050.0,1.15877733726
296,7040.0,1.15876601366
297,7030.0,1.15875414263
298,7020.0,1.15874169625
299,7010.0,1.15872864508
300,7000.0,1.1587149581
301,6990.0,1.15870060265
302,6980.0,1.15868554431
303,6970.0,1.1586697468
304,6960.0,1.1586531719
305,6950.0,1.15863577933
306,6940.0,1.15861752664
307,6930.0,1.15859836907
308,6920.0,1.15857825947
309,6910.0,1.15855714811
310,6900.0,1.15853498258
311,6890.0,1.15851170763
312,6880.0,1.158487265
313,6870.0,1.15846159327
314,6860.0,1.15843462771
315,6850.0,1.15840630002
316,6840.0,1.15837653824
317,6830.0,1.15834526646
318,6820.0,1.15831240466
319,6810.0,1.15827786846
320,6800.0,1.1582415689
321,6790.0,1.15820341217
322,6780.0,1.1581632994
323,6770.0,1.15812112632
324,6760.0,1.15807678303
325,6750.0,1.15803015366
326,6740.0,1.1579811161
327,6730.0,1.15792954165
328,6720.0,1.15787529465
329,6710.0,1.15781823217
330,6700.0,1.15775820363
331,6690.0,1.15769505038
332,6680.0,1.15762860534
333,6670.0,1.15755869256
334,6660.0,1.15748512676
335,6650.0,1.15740771295
336,6640.0,1.1573262459
337,6630.0,1.1572405097
338,6620.0,1.15715027728
339,6610.0,1.15705530987
340,6600.0,1.1569553565
341,6590.0,1.1568501535
342,6580.0,1.15673942397
343,6570.0,1.15662287719
344,6560.0,1.15650020817
345,6550.0,1.15637109704
346,6540.0,1.15623520855
347,6530.0,1.15609219155
348,6520.0,1.15594167847
349,6510.0,1.15578328483
350,6500.0,1.15561660879
351,6490.0,1.15544123068
352,6480.0,1.15525671265
353,6470.0,1.1550625983
354,6460.0,1.15485841239
355,6450.0,1.15464366066
356,6440.0,1.15441782966
357,6430.0,1.15418038671
358,6420.0,1.15393078002
359,6410.0,1.15366843882
360,6400.0,1.15339277376
361,6390.0,1.15310317735
362,6380.0,1.15279902469
363,6370.0,1.1524796743
364,6360.0,1.15214446925
365,6350.0,1.15179273846
366,6340.0,1.15142379832
367,6330.0,1.15103695459
368,6320.0,1.15063150455
369,6310.0,1.15020673956
370,6300.0,1.14976194792
371,6290.0,1.14929641811
372,6280.0,1.14880944244
373,6270.0,1.14830032106
374,6260.0,1.14776836646
375,6250.0,1.14721290828
376,6240.0,1.14663329864
377,6230.0,1.14602891785
378,6220.0,1.14539918051
379,6210.0,1.14474354202
380,6200.0,1.14406150546
381,6190.0,1.14335262868
382,6180.0,1.14261653184
383,6170.0,1.14185290497
384,6160.0,1.14106151576
385,6150.0,1.14024221738
386,6140.0,1.13939495622
387,6130.0,1.13851977949
388,6120.0,1.1376168425
389,6110.0,1.13668641563
390,6100.0,1.13572889059
391,6090.0,1.13474478613
392,6080.0,1.13373475284
393,6070.0,1.13269957705
394,6060.0,1.13164018349
395,6050.0,1.13055763684
396,6040.0,1.12945314183
397,6030.0,1.12832804187
398,6020.0,1.12718381622
399,6010.0,1.12602207543
400,6000.0,1.1248445552
401,5990.0,1.12365310861
402,5980.0,1.12244969671
403,5970.0,1.12123637755
404,5960.0,1.12001529381
405,5950.0,1.11878865908
406,5940.0,1.11755874298
407,5930.0,1.11632785531
408,5920.0,1.11509832955
409,5910.0,1.11387250572
410,5900.0,1.11265271309
411,5890.0,1.11144125287
412,5880.0,1.11024038118
413,5870.0,1.10905229257
414,5860.0,1.10787910431
415,5850.0,1.10672284168
416,5840.0,1.1055854246
417,5830.0,1.10446865547
418,5820.0,1.10337420879
419,5810.0,1.10230362227
420,5800.0,1.1012582898
421,5790.0,1.10023945619
422,5780.0,1.09924821365
423,5770.0,1.09828550008
424,5760.0,1.0973520991
425,5750.0,1.09644864157
426,5740.0,1.09557560871
427,5730.0,1.09473333655
428,5720.0,1.09392202152
429,5710.0,1.09314172717
430,5700.0,1.09239239171
431,5690.0,1.09167383621
432,5680.0,1.09098577348
433,5670.0,1.09032781709
434,5660.0,1.08969949086
435,5650.0,1.08910023823
436,5640.0,1.08852943165
437,5630.0,1.08798638186
438,5620.0,1.08747034678
439,5610.0,1.0869805402
440,5600.0,1.08651613989
441,5590.0,1.08607629541
442,5580.0,1.08566013527
443,5570.0,1.08526677365
444,5560.0,1.08489531652
445,5550.0,1.08454486719
446,5540.0,1.08421453139
447,5530.0,1.08390342168
448,5520.0,1.08361066147
449,5510.0,1.08333538842
450,5500.0,1.08307675743
451,5490.0,1.08283394319
452,5480.0,1.08260614224
453,5470.0,1.08239257473
454,5460.0,1.0821924858
455,5450.0,1.08200514654
456,5440.0,1.08182985487
457,5430.0,1.08166593594
458,5420.0,1.08151274242
459,5410.0,1.08136965459
460,5400.0,1.08123608017
461,5390.0,1.0811114541
462,5380.0,1.08099523809
463,5370.0,1.08088692017
464,5360.0,1.08078601401
465,5350.0,1.08069205827
466,5340.0,1.08060461587
467,5330.0,1.08052327319
468,5320.0,1.08044763922
469,5310.0,1.08037734475
470,5300.0,1.08031204145
471,5290.0,1.08025140107
472,5280.0,1.08019511447
473,5270.0,1.08014289085
474,5260.0,1.08009445682
475,5250.0,1.08004955556
476,5240.0,1.08000794605
477,5230.0,1.07996940218
478,5220.0,1.07993371206
479,5210.0,1.07990067717
480,5200.0,1.07987011171
481,5190.0,1.07984184184
482,5180.0,1.07981570501
483,5170.0,1.07979154935
484,5160.0,1.07976923302
485,5150.0,1.07974862361
486,5140.0,1.0797295976
487,5130.0,1.07971203981
488,5120.0,1.07969584287
489,5110.0,1.0796809068
490,5100.0,1.07966713847
491,5090.0,1.07965445121
492,5080.0,1.07964276441
493,5070.0,1.07963200311
494,5060.0,1.07962209763
495,5050.0,1.07961298323
496,5040.0,1.0796045998
497,5030.0,1.07959689154
498,5020.0,1.07958980667
499,5010.0,1.07958329718
500,5000.0,1.07951338565
501,4990.0,1.07951338565
502,4980.0,1.07951338565
503,4970.0,1.07951338565
504,4960.0,1.07951338565
505,4950.0,1.07951338565
506,4940.0,1.07951338565
507,4930.0,1.07951338565
508,4920.0,1.07951338565
509,4910.0,1.07951338565
510,4900.0,1.07951338565
511,4890.0,1.07951338565
512,4880.0,1.07951338565
513,4870.0,1.07951338565
514,4860.0,1.07951338565
515,4850.0,1.07951338565
516,4840.0,1.07951338565
517,4830.0,1.07951338565
518,4820.0,1.07951338565
519,4810.0,1.07951338565
520,4800.0,1.07951338565
521,4790.0,1.07951338565
522,4780.0,1.07951338565
523,4770.0,1.07951338565
524,4760.0,1.07951338565
525,4750.0,1.07951338565
526,4740.0,1.07951338565
527,4730.0,1.07951338565
528,4720.0,1.07951338565
529,4710.0,1.07951338565
530,4700.0,1.07951338565
531,4690.0,1.07951338565
532,4680.0,1.07951338565
533,4670.0,1.07951338565
534,4660.0,1.07951338565
535,4650.0,1.07951338565
536,4640.0,1.07951338565
537,4630.0,1.07951338565
538,4620.0,1.07951338565
539,4610.0,1.07951338565
540,4600.0,1.07951338565
541,4590.0,1.07951338565
542,4580.0,1.07951338565
543,4570.0,1.07951338565
544,4560.0,1.07951338565
545,4550.0,1.07951338565
546,4540.0,1.07951338565
547,4530.0,1.07951338565
548,4520.0,1.07951338565
549,4510.0,1.07951338565
550,4500.0,1.07951338565
551,4490.0,1.07951338565
552,4480.0,1.07951338565
553,4470.0,1.07951338565
554,4460.0,1.07951338565
555,4450.0,1.07951338565
556,4440.0,1.07951338565
557,4430.0,1.07951338565
558,4420.0,1.07951338565
559,4410.0,1.07951338565
560,4400.0,1.07951338565
561,4390.0,1.07951338565
562,4380.0,1.07951338565
563,4370.0,1.07951338565
564,4360.0,1.07951338565
565,4350.0,1.07951338565
566,4340.0,1.07951338565
567,4330.0,1.07951338565
568,4320.0,1.07951338565
569,4310.0,1.07951338565
570,4300.0,1.07951338565
571,4290.0,1.07951338565
572,4280.0,1.07951338565
573,4270.0,1.07951338565
574,4260.0,1.07951338565
575,4250.0,1.07951338565
576,4240.0,1.07951338565
577,4230.0,1.07951338565
578,4220.0,1.07951338565
579,4210.0,1.07951338565
580,4200.0,1.07951338565
581,4190.0,1.07951338565
582,4180.0,1.07951338565
583,4170.0,1.07951338565
584,4160.0,1.07951338565
585,4150.0,1.07951338565
586,4140.0,1.07951338565
587,4130.0,1.07951338565
588,4120.0,1.07951338565
589,4110.0,1.07951338565
590,4100.0,1.07951338565
591,4090.0,1.07951338565
592,4080.0,1.07951338565
593,4070.0,1.07951338565
594,4060.0,1.07951338565
595,4050.0,1.07951338565
596,4040.0,1.07951338565
597,4030.0,1.07951338565
598,4020.0,1.07951338565
599,4010.0,1.07951338565
600,4000.0,1.07951338565
601,3990.0,1.07951338565
602,3980.0,1.07951338565
603,3970.0,1.07951338565
604,3960.0,1.07951338565
605,3950.0,1.07951338565
606,3940.0,1.07951338565
607,3930.0,1.07951338565
608,3920.0,1.07951338565
609,3910.0,1.07951338565
610,3900.0,1.07951338565
611,3890.0,1.07951338565
612,3880.0,1.07951338565
613,3870.0,1.07951338565
614,3860.0,1.07951338565
615,3850.0,1.07951338565
616,3840.0,1.07951338565
617,3830.0,1.07951338565
618,3820.0,1.07951338565
619,3810.0,1.07951338565
620,3800.0,1.07951338565
621,3790.0,1.07951338565
622,3780.0,1.07951338565
623,3770.0,1.07951338565
624,3760.0,1.07951338565
625,3750.0,1.07951338565
626,3740.0,1.07951338565
627,3730.0,1.07951338565
628,3720.0,1.07951338565
629,3710.0,1.07951338565
630,3700.0,1.07951338565
631,3690.0,1.07951338565
632,3680.0,1.07951338565
633,3670.0,1.07951338565
634,3660.0,1.07951338565
635,3650.0,1.07951338565
636,3640.0,1.07951338565
637,3630.0,1.07951338565
638,3620.0,1.07951338565
639,3610.0,1.07951338565
640,3600.0,1.07951338565
641,3590.0,1.07951338565
642,3580.0,1.07951338565
643,3570.0,1.07951338565
644,3560.0,1.07951338565
645,3550.0,1.07951338565
646,3540.0,1.07951338565
647,3530.0,1.07951338565
648,3520.0,1.07951338565
649,3510.0,1.07951338565
650,3500.0,1.07951338565
651,3489.97134957,1.07951223771
652,3479.94269914,1.07951213949
653,3469.91404871,1.07951203222
654,3459.88539828,1.07951191499
655,3449.85674785,1.07951178681
656,3439.82809742,1.07951164659
657,3429.79944699,1.07951149312
658,3419.77079656,1.07951132506
659,3409.74214613,1.07951114093
660,3399.7134957,1.07951093908
661,3389.68484527,1.07951071778
662,3379.65619484,1.0795104748
663,3369.62754441,1.07951020801
664,3359.59889398,1.07950991492
665,3349.57024355,1.07950959284
666,3339.54159312,1.07950923839
667,3329.51294269,1.07950884858
668,3319.48429226,1.07950841906
669,3309.45564183,1.07950794599
670,3299.4269914,1.0795074247
671,3289.39834097,1.07950684928
672,3279.36969054,1.07950621442
673,3269.34104011,1.07950551332
674,3259.31238968,1.07950473891
675,3249.28373926,1.07950388205
676,3239.25508883,1.07950293473
677,3229.2264384,1.07950188532
678,3219.19778797,1.07950072363
679,3209.16913754,1.07949943521
680,3199.14048711,1.07949800706
681,3189.11183668,1.07949642119
682,3179.08318625,1.07949466099
683,3169.05453582,1.07949270401
684,3159.02588539,1.07949052846
685,3148.99723496,1.0794881083
686,3138.96858453,1.07948541311
687,3128.9399341,1.0794824103
688,3118.91128367,1.07947906134
689,3108.88263324,1.07947532771
690,3098.85398281,1.07947115901
691,3088.82533238,1.07946650023
692,3078.79668195,1.07946129468
693,3068.76803152,1.07945547063
694,3058.73938109,1.07944895423
695,3048.71073066,1.07944165305
696,3038.68208023,1.07943347334
697,3028.6534298,1.07942430045
698,3018.62477937,1.07941400805
699,3008.59612894,1.07940245677
700,2998.56747851,1.07938947987
701,2988.53882808,1.07937490167
702,2978.51017765,1.07935851442
703,2968.48152722,1.07934008934
704,2958.45287679,1.07931936906
705,2948.42422636,1.07929606704
706,2938.39557593,1.07926985964
707,2928.3669255,1.07924039877
708,2918.33827507,1.07920729152
709,2908.30962464,1.07917011545
710,2898.28097421,1.07912840903
711,2888.25232378,1.07908168515
712,2878.22367335,1.07902942834
713,2868.19502292,1.07897109586
714,2858.16637249,1.07890617081
715,2848.13772206,1.07883406332
716,2838.10907163,1.07875428598
717,2828.0804212,1.07866633197
718,2818.05177077,1.07856975643
719,2808.02312034,1.07846417319
720,2797.99446991,1.07834927614
721,2787.96581948,1.07822480035
722,2777.93716905,1.07809064453
723,2767.90851862,1.07794673622
724,2757.87986819,1.07779311063
725,2747.85121777,1.07762989242
726,2737.82256734,1.07745726611
727,2727.79391691,1.07727550906
728,2717.76526648,1.07708491268
729,2707.73661605,1.07688584799
730,2697.70796562,1.07667870729
731,2687.67931519,1.07646389501
732,2677.65066476,1.07624184843
733,2667.62201433,1.0760129862
734,2657.5933639,1.075777727
735,2647.56471347,1.07553651412
736,2637.53606304,1.07528971041
737,2627.50741261,1.07503770527
738,2617.47876218,1.074780854
739,2607.45011175,1.07451947766
740,2597.42146132,1.07425389281
741,2587.39281089,1.07398436102
742,2577.36416046,1.07371112352
743,2567.33551003,1.07343441703
744,2557.3068596,1.07315439499
745,2547.27820917,1.07287124359
746,2537.24955874,1.0725850861
747,2527.22090831,1.07229603377
748,2517.19225788,1.07200416401
749,2507.16360745,1.07170954901
750,2497.13495702,1.07141220901
751,2487.10630659,1.07111216716
752,2477.07765616,1.07080942838
753,2467.04900573,1.07050396482
754,2457.0203553,1.07019574165
755,2446.99170487,1.06988469809
756,2436.96305444,1.06957078353
757,2426.93440401,1.06925387852
758,2416.90575358,1.06893392765
759,2406.87710315,1.06861080892
760,2396.84845272,1.06828438821
761,2386.81980229,1.06795457698
762,2376.79115186,1.06762119245
763,2366.76250143,1.06728409554
764,2356.733851,1.06694315067
765,2346.70520057,1.06659817765
766,2336.67655014,1.0662489994
767,2326.64789971,1.06589545944
768,2316.61924928,1.06553733046
769,2306.59059885,1.06517446046
770,2296.56194842,1.06480662757
771,2286.53329799,1.06443362638
772,2276.50464756,1.06405524592
773,2266.47599713,1.06367128501
774,2256.4473467,1.06328148927
775,2246.41869628,1.0628856233
776,2236.39004585,1.06248348562
777,2226.36139542,1.06207481803
778,2216.33274499,1.06165935098
779,2206.30409456,1.06123684755
780,2196.27544413,1.06080704925
781,2186.2467937,1.06036967366
782,2176.21814327,1.0599244607
783,2166.18949284,1.05947111813
784,2156.16084241,1.05900936508
785,2146.13219198,1.0585389058
786,2136.10354155,1.05805944488
787,2126.07489112,1.05757066311
788,2116.04624069,1.05707225338
789,2106.01759026,1.05656388609
790,2095.98893983,1.05604526056
791,2085.9602894,1.05551602411
792,2075.93163897,1.05497581631
793,2065.90298854,1.05442432382
794,2055.87433811,1.0538611778
795,2045.84568768,1.05328600106
796,2035.81703725,1.05269845055
797,2025.78838682,1.05209815738
798,2015.75973639,1.05148470711
799,2005.73108596,1.05085773049
800,1995.70243553,1.05021687368
801,1985.6737851,1.0495616714
802,1975.64513467,1.04889174472
803,1965.61648424,1.04820676323
804,1955.58783381,1.04750623664
805,1945.55918338,1.04678971829
806,1935.53053295,1.04605689887
807,1925.50188252,1.04530732562
808,1915.47323209,1.04454049828
809,1905.44458166,1.04375606684
810,1895.41593123,1.04295362309
811,1885.3872808,1.04213266855
812,1875.35863037,1.0412927514
813,1865.32997994,1.04043349877
814,1855.30132951,1.03955445797
815,1845.27267908,1.03865505218
816,1835.24402865,1.03773478529
817,1825.21537822,1.0367932737
818,1815.18672779,1.0358299193
819,1805.15807736,1.03484396781
820,1795.12942693,1.03383466722
821,1785.1007765,1.03280142085
822,1775.07212607,1.03174333302
823,1765.04347564,1.03065899166
824,1755.01482521,1.02954701462
825,1744.98617479,1.0284059975
826,1734.95752436,1.02723377714
827,1724.92887393,1.02602745901
828,1714.9002235,1.02478377267
829,1704.87157307,1.02349862228
830,1694.84292264,1.02216646202
831,1684.81427221,1.02078018811
832,1674.78562178,1.01933101301
833,1664.75697135,1.01780773798
834,1654.72832092,1.01619575406
835,1644.69967049,1.01447644317
836,1634.67102006,1.01262649074
837,1624.64236963,1.01061652408
838,1614.6137192,1.00840947189
839,1604.58506877,1.00595933156
840,1594.55641834,1.00321006488
841,1584.52776791,1.00009431215
842,1574.49911748,0.996532753331
843,1564.47046705,0.99243465285
844,1554.44181662,0.987699802096
845,1544.41316619,0.982221670624
846,1534.38451576,0.975891578891
847,1524.35586533,0.968604867148
848,1514.3272149,0.960264467871
849,1504.29856447,0.950783655909
850,1494.26991404,0.940090903177
851,1484.24126361,0.928133800145
852,1474.21261318,0.91487894629
853,1464.18396275,0.900310353907
854,1454.15531232,0.884429340656
855,1444.12666189,0.867255449827
856,1434.09801146,0.848825652293
857,1424.06936103,0.829192072781
858,1414.0407106,0.808420350108
859,1404.01206017,0.786588884193
860,1393.98340974,0.763787586939
861,1383.95475931,0.740115649569
862,1373.92610888,0.715679126737
863,1363.89745845,0.690589240577
864,1353.86880802,0.664961157078
865,1343.84015759,0.638911996638
866,1333.81150716,0.612558742142
867,1323.78285673,0.586016729268
868,1313.7542063,0.559398657762
869,1303.72555587,0.532813720129
870,1293.69690544,0.506366386722
871,1283.66825501,0.480155442585
872,1273.63960458,0.454273629795
873,1263.61095415,0.428807463622
874,1253.58230372,0.403836909837
875,1243.5536533,0.379434957134
876,1233.52500287,0.355667525481
877,1223.49635244,0.33259361439
878,1213.46770201,0.310265365191
879,1203.43905158,0.288727980254
880,1193.41040115,0.268019661984
881,1183.38175072,0.248171840745
882,1173.35310029,0.229209392546
883,1163.32444986,0.211150782573
884,1153.29579943,0.194008060882
885,1143.267149,0.177787220694
886,1133.23849857,0.162488452498
887,1123.20984814,0.148106469093
888,1113.18119771,0.13463078004
889,1103.15254728,0.122046067342
890,1093.12389685,0.110332606786
891,1083.09524642,0.099466711865
892,1073.06659599,0.0894211763239
893,1063.03794556,0.0801657261754
894,1053.00929513,0.0716675092277
895,1042.9806447,0.0638915636031
896,1032.95199427,0.0568013534288
897,1022.92334384,0.0503591494981
898,1012.89469341,0.0445265020277
899,1002.86604298,0.0392646498137
900,992.83739255,0.0345349042955
901,982.80874212,0.0302989877568
902,972.780091691,0.0265193440423
903,962.751441261,0.023159404109
904,952.722790831,0.0201838201301
905,942.694140401,0.0175586518744
906,932.665489971,0.0152515136205
907,922.636839542,0.0132316861622
908,912.608189112,0.0114701972974
909,902.579538682,0.0099398739561
910,892.550888252,0.00861537289186
911,882.522237822,0.0074731677029
912,872.493587393,0.00649156412451
913,862.464936963,0.00565064217783
914,852.436286533,0.00493224621792
915,842.407636103,0.00431992872196
916,832.378985673,0.00379890653221
917,822.350335244,0.00335599915998
918,812.321684814,0.00297956207438
919,802.293034384,0.00265940993489
920,792.264383954,0.00238670252762
921,782.235733524,0.00215386761991
922,772.207083095,0.00195445019353
923,762.178432665,0.00178300503191
924,752.149782235,0.00163497045976
925,742.121131805,0.00150654065731
926,732.092481375,0.00139455616579
927,722.063830946,0.00129640287003
928,712.035180516,0.00120991844499
929,702.006530086,0.00113331658858
930,691.977879656,0.00106511817789
931,681.949229226,0.00100409794919
932,671.920578797,0.000949238288066
933,661.891928367,0.000899690654838
934,651.863277937,0.000854745879384
935,641.834627507,0.000813808401073
936,631.805977077,0.000776376208657
937,621.777326648,0.000742024387628
938,611.748676218,0.000710391518221
939,601.720025788,0.000681168817311
940,591.691375358,0.000654091326536
941,581.662724928,0.000628930761082
942,571.634074499,0.000605489408993
943,561.605424069,0.000583595767197
944,551.576773639,0.000563099936207
945,541.548123209,0.000543870414054
946,531.519472779,0.000525791570576
947,521.49082235,0.000508761339531
948,511.46217192,0.000492689292658
949,501.43352149,0.00047749496047
950,491.40487106,0.000463106552843
951,481.37622063,0.000449459824584
952,471.347570201,0.000436497093992
953,461.318919771,0.000424166376451
954,451.290269341,0.000412420735234
955,441.261618911,0.000401217628432
956,431.232968481,0.000390518646227
957,421.204318052,0.000380288047686
958,411.175667622,0.000370494307203
959,401.147017192,0.000361107880206
960,391.118366762,0.000352101776876
961,381.089716332,0.000343451256647
962,371.061065903,0.000335133422962
963,361.032415473,0.000327127190375
964,351.003765043,0.00031941298479
965,340.975114613,0.000311972649496
966,330.946464183,0.000304789281002
967,320.917813754,0.000297847075615
968,310.889163324,0.000291131275434
969,300.860512894,0.000284627961101
970,290.831862464,0.000278324106233
971,280.803212034,0.000272207258361
972,270.774561605,0.000266265717073
973,260.745911175,0.000260488175003
974,250.717260745,0.000254863895046
975,240.688610315,0.000249382472586
976,230.659959885,0.00024403387403
977,220.631309456,0.000238808178115
978,210.602659026,0.000233695709279
979,200.574008596,0.000228686845854
980,190.545358166,0.000234051077015
981,180.516707736,0.000229147772572
982,170.488057307,0.000224318322363
983,160.459406877,0.000219551655715
984,150.430756447,0.000214836006868
985,140.402106017,0.000210158654797
986,130.373455587,0.000205505583798
987,120.344805158,0.000200861030493
988,110.316154728,0.000196206861133
989,100.287504298,0.00019152168949
990,90.2588538682,0.000186779584105
991,80.2302034384,0.000181948098571
992,70.2015530086,0.00017698512862
993,60.1729025788,0.000171833608001
994,50.144252149,0.000166411893274
995,40.1156017192,0.000160594634107
996,30.0869512894,0.000154169402608
997,20.0583008596,0.00014671685283
998,10.0296504298,0.000137139829478
999,0.0,0.000119152195187
